Timestamp,Name,Phone,Registration Number,Club Domain,Club Position,SRM Mail ID,Personal Mail ID,Department,LinkedIn Profile Link,Batch (1/2),Faculty Advisor Name,FA Phone Number,FA Mail ID,Day Order 1,Day Order 2,Day Order 3,Day Order 4,Day Order 5,Instagram Profile Link,Github Profile Link,Upload your photo(only .png or .jpeg format and less than 5mb),Give one tagline to describe yourself
9/21/2026 17:10:57,Aadya vatsh,7461002196,RA2511026010238,Events,Member,av6095@srmist.edu.in,aadyavatsh93@gmail.com,Btech cse aiml,https://www.linkedin.com/in/aadya-vatsh-a18831234?utm_source=share_via&utm_content=profile&utm_medium=member_android,1,Dr pitchaimanikam ,+91 99763 51028,pitchaib@srmist.edu.in,"2:20 PM - 3:10 PM, 3:10 PM - 4:00 PM, 4:00 PM - 4:50 PM","1:25 PM - 2:15 PM, 2:20 PM - 3:10 PM, 3:10 PM - 4:00 PM","2:20 PM - 3:10 PM, 3:10 PM - 4:00 PM, 4:00 PM - 4:50 PM",4:00 PM - 4:50 PM,8:00 AM - 8:50 AM,I have deactivated it currently ,,https://drive.google.com/open?id=1OLYFXPfuMjDhZZcpkntEKyeEiH4p9bEb,Great
9/21/2026 20:58:07,Adapa Bhavishya ,,RA2411004010339,Events,Member,ba5931@srmist.edu.in,bhavishyaadapa06@gmail.com,Ece ,https://www.linkedin.com/in/bhavishya-adapa-33212b339?utm_source=share_via&utm_content=profile&utm_medium=member_android,1,Vishvas kumar sir,7008707059,vishvask@srmist.edu.in,12:30 PM - 1:20 PM,"9:45 AM - 10:35 AM, 10:40 AM - 11:30 AM","10:40 AM - 11:30 AM, 11:35 AM - 12:25 PM","12:30 PM - 1:20 PM, 1:25 PM - 2:15 PM","10:40 AM - 11:30 AM, 11:35 AM - 12:25 PM, 12:30 PM - 1:20 PM",https://www.instagram.com/bhavishya.adapa?stkn=MTFrMjlnNmptNno0cg==,,https://drive.google.com/open?id=1qPnVgvQyIfwCXlYXdS_oCbl9ccPAnFpf,Simple and unbothered...
9/21/2026 11:05:40,Aditi Phulre,99088307569,RA2511003011453,Technical,Member,ap8586@srmist.edu.in,phulre.aditi@gmail.com,CTECH,https://www.linkedin.com/in/aditi-phulre-4a4675380/,2,Dr Sorna Lakshmi K,8754546127,sornak@srmist.edu.in,"9:45 AM - 10:35 AM, 10:40 AM - 11:30 AM","1:25 PM - 2:15 PM, 2:20 PM - 3:10 PM","9:45 AM - 10:35 AM, 10:40 AM - 11:30 AM","10:40 AM - 11:30 AM, 2:20 PM - 3:10 PM",1:25 PM - 2:15 PM,https://www.instagram.com/_itsaditiiiiip?stkn=YTA5dGtobTlhcmlx,https://github.com/phulreaditi,https://drive.google.com/open?id=1xF-WxfdKVG__HvUDFxW1TIVl29WLxL2a,"Curious mind, passionate coder, always building and learning."
9/21/2026 22:48:42,Akshara,9385909093,RA2511056010162,Events,Member,ap3636@srmist.edu.in,aksharaparthi14@gmail.com,DSBS,https://www.linkedin.com/in/akshara07?utm_source=share_via&utm_content=profile&utm_medium=member_android  ,1,Dr Monica Bhavani ,8778721928,monicabm@srmist.edu.in,"2:20 PM - 3:10 PM, 3:10 PM - 4:00 PM, 4:00 PM - 4:50 PM","2:20 PM - 3:10 PM, 3:10 PM - 4:00 PM","1:25 PM - 2:15 PM, 2:20 PM - 3:10 PM","8:50 AM - 9:40 AM, 9:45 AM - 10:35 AM, 10:40 AM - 11:30 AM, 3:10 PM - 4:00 PM","8:50 AM - 9:40 AM, 1:25 PM - 2:15 PM, 2:20 PM - 3:10 PM",https://www.linkedin.com/in/akshara07?utm_source=share_v https://www.instagram.com/akshara07._?utm_source=qr&stkn=MWhzZGpid2wydHdieg==,https://github.com/aksharaparthi14,https://drive.google.com/open?id=13xpcocdWzlX62D_W8l9BvFtoljcFJ0XH,"Learning, growing and being myself "
9/21/2026 2:11:51,Akshara kumari ,,RA2411027010123,Technical,Domain Director,ak4565@srmist.edu.in,aksharakumari1208@gmail.com,Data science and business systems ,https://www.linkedin.com/in/akshara-kumari-bb38b535b?utm_source=share_via&utm_content=profile&utm_medium=member_android,1,Dr. Arikumar K S,+91 98423 96515,arikumak@srmist.edu.in,"12:30 PM - 1:20 PM, 1:25 PM - 2:15 PM, 2:20 PM - 3:10 PM, 3:10 PM - 4:00 PM, 4:00 PM - 4:50 PM","8:00 AM - 8:50 AM, 8:50 AM - 9:40 AM, 9:45 AM - 10:35 AM, 10:40 AM - 11:30 AM, 11:35 AM - 12:25 PM","12:30 PM - 1:20 PM, 1:25 PM - 2:15 PM, 2:20 PM - 3:10 PM, 3:10 PM - 4:00 PM, 4:00 PM - 4:50 PM","8:00 AM - 8:50 AM, 8:50 AM - 9:40 AM, 9:45 AM - 10:35 AM, 10:40 AM - 11:30 AM, 11:35 AM - 12:25 PM","8:00 AM - 8:50 AM, 8:50 AM - 9:40 AM, 3:10 PM - 4:00 PM, 4:00 PM - 4:50 PM",https://www.instagram.com/_akshara_agarwal__?stkn=MTIzajN3ZDV4OGRmMQ==,,https://drive.google.com/open?id=1rFjTPYxmhXT8KeLT9_UrIlkGs0jFH_ed,Still figuring it out 
9/21/2026 1:44:32,Anandita C Iyer,9358855859,RA2611003010261,Creative,Associate Lead,ai4718@srmist.edu.in,reyianandita2232234@gmail.com,BTECH CSE CORE,https://www.linkedin.com/in/anandita-c-iyer-b3a40b3ab?utm_source=share_via&utm_content=profile&utm_medium=member_android,1,Dr. Debie shaeji,+918939343023,debies@srmist.edu.in],"8:00 AM - 8:50 AM, 8:50 AM - 9:40 AM, 11:35 AM - 12:25 PM, 12:30 PM - 1:20 PM, 1:25 PM - 2:15 PM, 2:20 PM - 3:10 PM, 3:10 PM - 4:00 PM, 4:00 PM - 4:50 PM","10:40 AM - 11:30 AM, 11:35 AM - 12:25 PM, 12:30 PM - 1:20 PM, 1:25 PM - 2:15 PM, 2:20 PM - 3:10 PM, 3:10 PM - 4:00 PM, 4:00 PM - 4:50 PM","8:00 AM - 8:50 AM, 8:50 AM - 9:40 AM, 9:45 AM - 10:35 AM, 10:40 AM - 11:30 AM, 11:35 AM - 12:25 PM, 12:30 PM - 1:20 PM, 1:25 PM - 2:15 PM, 2:20 PM - 3:10 PM","8:00 AM - 8:50 AM, 8:50 AM - 9:40 AM, 9:45 AM - 10:35 AM, 10:40 AM - 11:30 AM, 12:30 PM - 1:20 PM, 1:25 PM - 2:15 PM, 2:20 PM - 3:10 PM, 3:10 PM - 4:00 PM","8:00 AM - 8:50 AM, 8:50 AM - 9:40 AM, 9:45 AM - 10:35 AM, 10:40 AM - 11:30 AM, 11:35 AM - 12:25 PM, 12:30 PM - 1:20 PM, 1:25 PM - 2:15 PM, 2:20 PM - 3:10 PM, 3:10 PM - 4:00 PM, 4:00 PM - 4:50 PM",https://www.instagram.com/reyi_anandita?stkn=YTQwYXhhbzV6djc1,https://github.com/reyianandita2232234-web,https://drive.google.com/open?id=1GxOoYmPTuJqo1UunRnWiPqocKA87OoDx,"Embracing change, exploring ideas, and bringing positivity to the process."
9/21/2026 21:43:49,Ananya Rai ,6394701142,RA2511056010266,Events,Member,ar2748@srmist.edu.in,raiananya042@gmail.com,DSBS,https://www.linkedin.com/in/ananya-rai-412a99379,1,Dr P Elumalsivasan ,+91 95856 74456,elumalap3@srmist.edu.in,11:35 AM - 12:25 PM,"2:20 PM - 3:10 PM, 3:10 PM - 4:00 PM",12:30 PM - 1:20 PM,3:10 PM - 4:00 PM,12:30 PM - 1:20 PM,https://www.instagram.com/ananya17887?stkn=eGY2cXN3YmphMmcx,,https://drive.google.com/open?id=1fOJDnxfItQ16_BdTMV54GNn_eFcGkSG3,"“Trying new things, meeting new people, figuring it out.”"
9/21/2026 1:24:17,Apoorwa Kumar,,RA2411003010173,Events,Member,ak2907@srmist.edu.in,apoorwa466@gmail.com,CTECH,https://www.linkedin.com/in/apoorwa-kumar-479461302/,1,Dr.Sivakumar S,9840093979,sivakums8@srmist.edu.in,"2:20 PM - 3:10 PM, 3:10 PM - 4:00 PM, 4:00 PM - 4:50 PM","8:00 AM - 8:50 AM, 8:50 AM - 9:40 AM, 9:45 AM - 10:35 AM, 10:40 AM - 11:30 AM",11:35 AM - 12:25 PM,"8:00 AM - 8:50 AM, 8:50 AM - 9:40 AM","8:00 AM - 8:50 AM, 8:50 AM - 9:40 AM, 2:20 PM - 3:10 PM, 3:10 PM - 4:00 PM, 4:00 PM - 4:50 PM",https://www.instagram.com/apoorwa466/,https://github.com/apoorwa46,https://drive.google.com/open?id=19U88Yfm6byLZ6l-gXvRajQykiXRkd3hU,Yeh Dil Maange More
9/21/2026 1:57:29,Aryaman Dhiman ,9770054274,RA2511003010861,Creative,Member,ad2984@srmist.edu.in,aryamandhiman602@gmail.com,CTECH,https://www.linkedin.com/in/aryaman-dhiman-79ab0025b?utm_source=share_via&utm_content=profile&utm_medium=member_ios,1,NAS Vinoth ,+91 96007 88043,vinoths@srmist.edu.in,11:35 AM - 12:25 PM,2:20 PM - 3:10 PM,12:30 PM - 1:20 PM,4:00 PM - 4:50 PM,12:30 PM - 1:20 PM,https://www.instagram.com/areyaryaman?stkn=MXI5bjFrMHl5em5tOA%3D%3D&utm_source=qr,,https://drive.google.com/open?id=1ZcumYYLK7IQYuqxnWTmf0NrZdAlnmtqv,I’m the guy you call when everything goes haywire 
9/21/2026 23:00:50,Ayush Joshi,,RA2411003010589,Technical,Member,aj5916@srmist.edu.in,ayushjoshi692@gmail.com,CTech,https://www.linkedin.com/in/ayush-joshi-7337b9317,1,Dr. Poonkodi S,99627 64411,poonkods3@srmist.edu.in,"3:10 PM - 4:00 PM, 4:00 PM - 4:50 PM",1:25 PM - 2:15 PM,4:00 PM - 4:50 PM,2:20 PM - 3:10 PM,4:00 PM - 4:50 PM,https://www.instagram.com/_joshi_ayush_,https://github.com/CodeDevAyush,https://drive.google.com/open?id=1pgoYHcQw_EY03VYUcdgUdbAZ_OTxqnPZ,Dedicated
9/21/2026 10:35:17,B HARINI,9150612833,RA2511004010675,Events,Member,hb3382@srmist.edu.in,b.harini.mail@gmail.com,ECE,https://www.linkedin.com/in/harini-b-3668aa39b?utm_source=share_via&utm_content=profile&utm_medium=member_android,2,Dr. Anilet Bala A,+91 98415 80654,aniletba@srmist.edu.in,"8:00 AM - 8:50 AM, 8:50 AM - 9:40 AM, 9:45 AM - 10:35 AM, 10:40 AM - 11:30 AM","1:25 PM - 2:15 PM, 2:20 PM - 3:10 PM, 3:10 PM - 4:00 PM, 4:00 PM - 4:50 PM","8:50 AM - 9:40 AM, 9:45 AM - 10:35 AM, 10:40 AM - 11:30 AM",4:00 PM - 4:50 PM,"8:00 AM - 8:50 AM, 8:50 AM - 9:40 AM, 9:45 AM - 10:35 AM, 10:40 AM - 11:30 AM",https://www.instagram.com/socialize_not?stkn=NHRqeWw0a2Yycmty,,https://drive.google.com/open?id=1wdbsnL-gQ0MhjJEnf8srGG4UPHEgiqNn,Spontaneous 
9/22/2026 19:23:24,Bhavana R,,RA2511003010685,Technical,Member,br3933@srmist.edu.in,rbhavana113@gmail.com,Ctech,www.linkedin.com/in/bhavana-r-8ab42b381,1,Dr.Senthil Raja,+91 98844 45605,senthil6@srmist.edu.in,"11:35 AM - 12:25 PM, 12:30 PM - 1:20 PM","2:20 PM - 3:10 PM, 3:10 PM - 4:00 PM",12:30 PM - 1:20 PM,4:00 PM - 4:50 PM,"8:00 AM - 8:50 AM, 8:50 AM - 9:40 AM",https://www.instagram.com/_.bhavana._r?stkn=MWlubjZwbm83ZGg2dA==,https://github.com/BHAVANA-srm,https://drive.google.com/open?id=1zOszYYfldqmdRscRRk_WXbNSw8ztrf0V,I work hard for my future!
9/21/2026 18:05:40,Bhavy Manchanda ,,RA2411003010749,Technical,Member,bm7655@srmist.edu.in,bhavyb1234@gmail.com,CTECH,https://www.linkedin.com/in/bhavym,1,Dr. Vivek Justus,7708806374,vivekj@srmist.edu.in,4:00 PM - 4:50 PM,4:00 PM - 4:50 PM,4:00 PM - 4:50 PM,3:10 PM - 4:00 PM,3:10 PM - 4:00 PM,.,https://github.com/bhavy-Official,https://drive.google.com/open?id=1jlnZmspfSE21iKjh8mi9siV1e62FCNYB,I’d rather let others figure that out
9/21/2026 16:58:29,Chelsa Clephen Francis ,,RA2411003011758 ,Events,Associate Lead,cc8611@srmist.edu.in ,chelsaclephen@gmail.com ,CTECH ,https://www.linkedin.com/in/chelsa-clephen-18884732b?utm_source=share_via&utm_content=profile&utm_medium=member_android,2,Dr. U Karthikeyan ,9842003681,karthiku@srmist.edu.in,"8:00 AM - 8:50 AM, 8:50 AM - 9:40 AM","12:30 PM - 1:20 PM, 1:25 PM - 2:15 PM, 2:20 PM - 3:10 PM, 3:10 PM - 4:00 PM, 4:00 PM - 4:50 PM","8:00 AM - 8:50 AM, 8:50 AM - 9:40 AM, 9:45 AM - 10:35 AM, 10:40 AM - 11:30 AM, 11:35 AM - 12:25 PM","12:30 PM - 1:20 PM, 1:25 PM - 2:15 PM, 2:20 PM - 3:10 PM, 3:10 PM - 4:00 PM, 4:00 PM - 4:50 PM","8:00 AM - 8:50 AM, 8:50 AM - 9:40 AM, 9:45 AM - 10:35 AM, 10:40 AM - 11:30 AM, 11:35 AM - 12:25 PM",https://www.instagram.com/chelsaclephen?stkn=MThiZ3QwdzZseDByMg==,https://github.com/Chelsa02,https://drive.google.com/open?id=1I6rLnbgzYLHDXtysZFAKERfj8yKrL0Lc,Curious by nature and always ready to learn
9/21/2026 2:56:45,Chinmay Nair ,8130089564,RA2511033010110,Events,Associate Lead,cn9042@srmist.edu.in,chinmay0303@gmail.com,CINTEL ,https://www.linkedin.com/in/chinmaynair10?utm_source=share_via&utm_content=profile&utm_medium=member_android,2,Nithya Poupathy ,+91 90801 47547,nithyap4@srmist.edu.in,"12:30 PM - 1:20 PM, 1:25 PM - 2:15 PM, 2:20 PM - 3:10 PM, 3:10 PM - 4:00 PM","8:00 AM - 8:50 AM, 8:50 AM - 9:40 AM, 11:35 AM - 12:25 PM, 3:10 PM - 4:00 PM, 4:00 PM - 4:50 PM","12:30 PM - 1:20 PM, 1:25 PM - 2:15 PM, 2:20 PM - 3:10 PM, 3:10 PM - 4:00 PM, 4:00 PM - 4:50 PM","8:00 AM - 8:50 AM, 8:50 AM - 9:40 AM, 9:45 AM - 10:35 AM, 11:35 AM - 12:25 PM, 1:25 PM - 2:15 PM","9:45 AM - 10:35 AM, 10:40 AM - 11:30 AM, 2:20 PM - 3:10 PM, 3:10 PM - 4:00 PM, 4:00 PM - 4:50 PM",https://www.instagram.com/_nairchinmay_10?stkn=MXRnbjc3ZXV2OHM0cQ==,https://github.com/Chinmay-byte-afk,https://drive.google.com/open?id=1b9MssB8jnf8sh_TMkkg155Q1ybsBnAmR,"Curious mind, ambitious plans, questionable sleep schedule🥀"
9/21/2026 21:13:58,D Hemasri Sanchita ,,RA2411003011826,Events,Member,ds1703@srmist.edu.in,sanchitha112006@gmail.com,CTech ,https://www.linkedin.com/in/hemasri-sanchita?utm_source=share_via&utm_content=profile&utm_medium=member_android,2,Dr. R. Anto arockia rosaline, 99944 08896,antoaror@srmist.edu.in,10:40 AM - 11:30 AM,3:10 PM - 4:00 PM,10:40 AM - 11:30 AM,1:25 PM - 2:15 PM,10:40 AM - 11:30 AM,https://www.instagram.com/devarakonda_sanchita?stkn=MWlwcTMxcTl4NXdscQ==,,https://drive.google.com/open?id=1N4fCECGNsO3QI_Uh7PRZkbP6pVXWw3QV,"A little chaos, a lot of ambition."
9/21/2026 11:41:54,Daksh,,RA2531022010026,Creative,Member,dr7752@srmist.edu.in,dakshkothari77@gmail.com,Fsh,linkedin.com/in/daksh7kothari,2,Sweety Mam ,+91 87545 39293,sweetye@srmist.edu.in,"10:40 AM - 11:30 AM, 11:35 AM - 12:25 PM","10:40 AM - 11:30 AM, 11:35 AM - 12:25 PM","10:40 AM - 11:30 AM, 11:35 AM - 12:25 PM","10:40 AM - 11:30 AM, 11:35 AM - 12:25 PM","10:40 AM - 11:30 AM, 11:35 AM - 12:25 PM",instagram.com/daksh7kothari,github.com/daksh7kothari ,https://drive.google.com/open?id=1YSG_GmmZYUGkam0MJApQMKq5Z2oMSJoV,crazy dedicated 
9/21/2026 14:32:53,Dipesh Jain,8287216330,RA2511030010368,Events,Member,dj5937@srmist.edu.in,dipeshjain1501@gmail.com,NWC,https://www.linkedin.com/in/dipesh-jain-890a93395?utm_source=share_via&utm_content=profile&utm_medium=member_ios,1,Dr.M Safa,+91 99527 83715,safam@srmist.edu.in,"11:35 AM - 12:25 PM, 12:30 PM - 1:20 PM, 1:25 PM - 2:15 PM, 2:20 PM - 3:10 PM","2:20 PM - 3:10 PM, 3:10 PM - 4:00 PM","12:30 PM - 1:20 PM, 1:25 PM - 2:15 PM, 2:20 PM - 3:10 PM, 3:10 PM - 4:00 PM, 4:00 PM - 4:50 PM","8:00 AM - 8:50 AM, 8:50 AM - 9:40 AM, 9:45 AM - 10:35 AM, 10:40 AM - 11:30 AM, 11:35 AM - 12:25 PM, 12:30 PM - 1:20 PM","2:20 PM - 3:10 PM, 3:10 PM - 4:00 PM, 4:00 PM - 4:50 PM",https://www.instagram.com/dipesh_1501?stkn=MWI3bmxvYjY4eXRkMA%3D%3D&utm_source=qr,https://github.com/Dipesh1501,https://drive.google.com/open?id=1aojcvLB9ke-iT908d7RfxK2MxJlTe75W,"Built from curiosity, driven by chaos"
9/21/2026 22:56:57,Divyansh Sanadhya,6261773545,RA2511003010711,Technical,Member,ds3038@srmist.edu.in,dsanadhya58@gmail.com,C.Tech,https://www.linkedin.com/in/divyansh-sanadhya-099834377?utm_source=share_via&utm_content=profile&utm_medium=member_android,1,Dr.V.G Saranya,9597053767,saranyav7@srmist.edu.in,11:35 AM - 12:25 PM,"2:20 PM - 3:10 PM, 3:10 PM - 4:00 PM",3:10 PM - 4:00 PM,4:00 PM - 4:50 PM,3:10 PM - 4:00 PM,https://www.instagram.com/de.ivyansh?stkn=Ync3ZWtua3k3cHJ2,https://github.com/disa-sn,https://drive.google.com/open?id=16LxCgVYd-KMvR9ls_vQc-zeFujE1fn3O,In pursuit of my maximum self!
9/21/2026 17:54:25,G.B Yashavini,,RA2511053010283,Creative,Domain Director,yb0851@srmist.edu.in,Tinytechyasha@gmail.com,ECE DS,https://www.linkedin.com/in/yashavini-boobalan-3416b0287?utm_source=share_via&utm_content=profile&utm_medium=member_android,2,Dr Lokesh S,+91 98843 03880,lokesha@srmist.edu.in,11:35 AM - 12:25 PM,4:00 PM - 4:50 PM,"8:50 AM - 9:40 AM, 9:45 AM - 10:35 AM, 10:40 AM - 11:30 AM","9:45 AM - 10:35 AM, 10:40 AM - 11:30 AM, 11:35 AM - 12:25 PM, 4:00 PM - 4:50 PM","8:00 AM - 8:50 AM, 8:50 AM - 9:40 AM, 9:45 AM - 10:35 AM, 10:40 AM - 11:30 AM, 11:35 AM - 12:25 PM",https://www.instagram.com/yashaviniiii?stkn=MTRhcTZtZm45aDY3Nw==,,https://drive.google.com/open?id=1jKUUcAgzcbvYA5VfP-mm51JCcGlVuQRM,"Still figuring it out, but enjoying the process."
9/21/2026 1:26:36,Gannavarapu Naga Sri Harshitha,,RA2411031010080,Events,Associate Lead,ng1704@srmist.edu.in,harshithagannavarapu71@gmail.com,NWC,https://www.linkedin.com/in/harshithagannavarapu?utm_source=share_via&utm_content=profile&utm_medium=member_android,2,Dr. M Anand,9442442449,anandm3@srmist.edu.in,"8:00 AM - 8:50 AM, 8:50 AM - 9:40 AM, 9:45 AM - 10:35 AM, 10:40 AM - 11:30 AM, 11:35 AM - 12:25 PM","12:30 PM - 1:20 PM, 1:25 PM - 2:15 PM, 2:20 PM - 3:10 PM, 3:10 PM - 4:00 PM, 4:00 PM - 4:50 PM","8:00 AM - 8:50 AM, 8:50 AM - 9:40 AM, 9:45 AM - 10:35 AM, 10:40 AM - 11:30 AM, 11:35 AM - 12:25 PM","12:30 PM - 1:20 PM, 1:25 PM - 2:15 PM, 2:20 PM - 3:10 PM, 3:10 PM - 4:00 PM, 4:00 PM - 4:50 PM","9:45 AM - 10:35 AM, 10:40 AM - 11:30 AM, 11:35 AM - 12:25 PM, 12:30 PM - 1:20 PM, 1:25 PM - 2:15 PM",https://www.instagram.com/__harshitha_.7?stkn=Y3A3MXRqMjAxbjNx,https://github.com/HarshithaGannavarapu04057,https://drive.google.com/open?id=1sb97c8umI6zeVvM2B0DOGvexotBXWpI0,"Curious mind, creative thinker, and always eager to learn."
9/22/2026 16:39:25,Harshaa Vardhini R,8489020318,RA2511026010276,Creative,Member,hv8499@srmist.edu.in,harshaavardhinirajaguru@gmail.com,CINTEL,https://www.linkedin.com/in/harshaa-vardhini-4729583a6?utm_source=share_via&utm_content=profile&utm_medium=member_ios,1,Dr.G.Kirithiga Nandini ,+91 80560 92844,kirithig@srmist.edu.in,3:10 PM - 4:00 PM,9:45 AM - 10:35 AM,12:30 PM - 1:20 PM,11:35 AM - 12:25 PM,2:20 PM - 3:10 PM,https://www.instagram.com/hxrshxx_2025?stkn=MXg3ZHlrOGJuNm16cw%3D%3D&utm_source=qr,https://github.com/harshaavardhinirajaguru-afk,https://drive.google.com/open?id=1RwWH-SyzLNfeci455Fhb1uexu4pqMeb0,Determined learner
9/21/2026 8:02:36,Jayna Shirlie ,,RA2411026010442,Events,Domain Director,js8817@srmist.edu.in,jaynashirlie@gmail.com,CINTEL,https://www.linkedin.com/in/jayna-shirlie,1,Dr. Vidhya B,+91 88707 96308,vidhyab@srmist.edu.in,"12:30 PM - 1:20 PM, 1:25 PM - 2:15 PM, 2:20 PM - 3:10 PM, 3:10 PM - 4:00 PM, 4:00 PM - 4:50 PM","8:00 AM - 8:50 AM, 8:50 AM - 9:40 AM, 9:45 AM - 10:35 AM, 10:40 AM - 11:30 AM, 11:35 AM - 12:25 PM","3:10 PM - 4:00 PM, 4:00 PM - 4:50 PM","8:00 AM - 8:50 AM, 8:50 AM - 9:40 AM, 9:45 AM - 10:35 AM, 10:40 AM - 11:30 AM, 11:35 AM - 12:25 PM","12:30 PM - 1:20 PM, 1:25 PM - 2:15 PM, 2:20 PM - 3:10 PM, 3:10 PM - 4:00 PM, 4:00 PM - 4:50 PM",https://www.instagram.com/jayso.6,https://github.com/JaynaShirlie,https://drive.google.com/open?id=152dVYp0fz0s4QC1b6T0Mq1RAKlF9D0fV,drunk on mogu mogu and monster :P
9/21/2026 2:15:45,Kriti Srivastav,8130947057,RA2511030010147,Technical,Member,Ks0465@srmist.edu.in,Kritisri1175@gmail.com,Nwc ,https://www.linkedin.com/in/kriti-srivastav1175147?utm_source=share_via&utm_content=profile&utm_medium=member_ios,1,Dr Balachandran T,94422 19875,Balachat2@srmist.edu.in,"1:25 PM - 2:15 PM, 2:20 PM - 3:10 PM, 3:10 PM - 4:00 PM","11:35 AM - 12:25 PM, 3:10 PM - 4:00 PM","3:10 PM - 4:00 PM, 4:00 PM - 4:50 PM","11:35 AM - 12:25 PM, 4:00 PM - 4:50 PM","1:25 PM - 2:15 PM, 2:20 PM - 3:10 PM, 3:10 PM - 4:00 PM",https://www.instagram.com/hypokriti?stkn=aTNvZjg4cDZsYXRq&utm_source=qr,https://github.com/kritisri1175,https://drive.google.com/open?id=1h9Gtexd-lk5Zm1AO_LsJzEaRwwzg-dRH,"Social, curious, and always up for a new adventure to learn and grow."
9/21/2026 18:17:14,Lalitha Sarvani Yarlagadda ,9321003529,RA2611028010191,Technical,Member,ly7105@srmist.edu.in,lalithasarvaniy22@gmail.com,CSE ( Cloud Computing),https://www.linkedin.com/in/lalithasarvaniy,2,DR.PRIYANGA S,+91 80720 84778,priyangs1@srmist.edu.in,"2:20 PM - 3:10 PM, 3:10 PM - 4:00 PM","1:25 PM - 2:15 PM, 2:20 PM - 3:10 PM","9:45 AM - 10:35 AM, 10:40 AM - 11:30 AM","11:35 AM - 12:25 PM, 12:30 PM - 1:20 PM","3:10 PM - 4:00 PM, 4:00 PM - 4:50 PM",https://www.instagram.com/lalitha_2080?stkn=MXF3NHV3d2YxNjN2Nw==,https://github.com/lalithasarvani22,https://drive.google.com/open?id=1W7W5ppBizgP3128eR77UcfelXpox5RhU,"""Turning curiosity into code, ideas into impact, and potential into possibilities"""
9/21/2026 19:06:43,M PADMESHWARAN ,,RA2511003010769,Creative,Member,pm4381@srmist.edu.in,padmeshwaranmurugan29@gmail.com,BTECH CSE CORE,https://www.linkedin.com/in/padmeshwaran-murugan-25309a411?utm_source=share_via&utm_content=profile&utm_medium=member_ios,1,DR.K.Sreekumar,9443205160,Nil,"12:30 PM - 1:20 PM, 1:25 PM - 2:15 PM","2:20 PM - 3:10 PM, 3:10 PM - 4:00 PM",3:10 PM - 4:00 PM,10:40 AM - 11:30 AM,"12:30 PM - 1:20 PM, 1:25 PM - 2:15 PM, 2:20 PM - 3:10 PM, 3:10 PM - 4:00 PM",https://www.instagram.com/_padmeshhhh?igsi=ZnRuY2ZxNHFpMGFt&utm_source=qr,github.com/padmesh-dev,https://drive.google.com/open?id=176UWnUU6QQE3Pd4oRCr69YQEzQwfVSmM,Enthusiastic 
9/21/2026 12:52:48,Madhu Manjhari ,,RA2412701010028,Events,Member,Km5624@srmist.edu.in,Kambhampatimadhumanjhari@gmail.com,Cintel ,https://www.linkedin.com/in/madhu-manjhari-456921380?utm_source=share_via&utm_content=profile&utm_medium=member_android,2,Hari Prasad ,+91 90254 57430,Haripras2@srmist.edu.in,"8:00 AM - 8:50 AM, 8:50 AM - 9:40 AM",1:25 PM - 2:15 PM,"9:45 AM - 10:35 AM, 10:40 AM - 11:30 AM","1:25 PM - 2:15 PM, 2:20 PM - 3:10 PM","9:45 AM - 10:35 AM, 10:40 AM - 11:30 AM",.,,https://drive.google.com/open?id=13CqgCHLaz_iItCAu8Air12cEs2NKDw48,Stubborn 
9/21/2026 22:57:26,Md Ashif Iqbal,,RA2411029010073,Technical,Associate Lead,mi2976@srmist.edu.in,contact2ashif@gmail.com,NWC,https://www.linkedin.com/in/md-ashif-iqbal,2,Indra  Bhooshan Sharma,+91 94138 52471,indrabhs@srmist.edu.in,11:35 AM - 12:25 PM,12:30 PM - 1:20 PM,11:35 AM - 12:25 PM,11:35 AM - 12:25 PM,11:35 AM - 12:25 PM,https://www.instagram.com/_ashif.x_x,https://github.com/ashif-iqbal,https://drive.google.com/open?id=1k0DmATnSyV8QT1Ovd6_q9hWjD_4lAjv6,Driven to learn and build
9/21/2026 11:08:49,MD NAYAJ MONDAL,,RA2411003011072,Technical,Domain Director,mm9292@srmist.edu.in,md.n.m.pius18@gmail.com ,C.Tech.,https://www.linkedin.com/in/md-nayaj-mondal/,1,Dr. Sakthipriya S,+91 98419 35585,sakthips4@srmist.edu.in,"8:00 AM - 8:50 AM, 8:50 AM - 9:40 AM, 9:45 AM - 10:35 AM, 10:40 AM - 11:30 AM, 11:35 AM - 12:25 PM","12:30 PM - 1:20 PM, 1:25 PM - 2:15 PM, 2:20 PM - 3:10 PM, 3:10 PM - 4:00 PM","8:00 AM - 8:50 AM, 8:50 AM - 9:40 AM, 9:45 AM - 10:35 AM, 10:40 AM - 11:30 AM","9:45 AM - 10:35 AM, 10:40 AM - 11:30 AM, 12:30 PM - 1:20 PM, 1:25 PM - 2:15 PM, 2:20 PM - 3:10 PM, 3:10 PM - 4:00 PM, 4:00 PM - 4:50 PM","9:45 AM - 10:35 AM, 10:40 AM - 11:30 AM",https://www.instagram.com/md._n.m._india_18/,https://github.com/mdnm18,https://drive.google.com/open?id=1Y9mGHwKY-waE5APet6Nb7kQ0ecMq-LoH,Tech Builder & Community Leader
9/21/2026 8:32:57,Mohammed Fahad Kasim,8838695006,RA2511028010050,Technical,Member,mk8247@srmist.edu.in,fahadchampion1@gmail.com,NWC,https://www.linkedin.com/in/mohammed-fahad-kasim-0bb97a256?utm_source=share_via&utm_content=profile&utm_medium=member_ios,2,V.Vijayalakshmi,86789 21167,vijayalv@srmist.edu.in,4:00 PM - 4:50 PM,4:00 PM - 4:50 PM,4:00 PM - 4:50 PM,4:00 PM - 4:50 PM,"12:30 PM - 1:20 PM, 1:25 PM - 2:15 PM",https://www.instagram.com/fahadchamp18?stkn=OTNiOWx6MDhjM2xr&utm_source=qr,https://github.com/Mohammed-Fahad-Kasim,https://drive.google.com/open?id=1sTVNt06VqIIIThOYseEuNENQHXZm7kTI,Mr.Consistent
9/22/2026 10:52:40,Nallana Saahithi ,,RA2411003010772,Events,Member,ns3153@srmist.edu.in,saahinallana@gmail.com,Ctech ,https://www.linkedin.com/in/saahi-nallana-588357304?utm_source=share&utm_campaign=share_via&utm_content=profile&utm_medium=ios_app%0A,1,Dr.Vivek justus ,7708806374,vivekj@srmist.edu.in,"2:20 PM - 3:10 PM, 3:10 PM - 4:00 PM, 4:00 PM - 4:50 PM","10:40 AM - 11:30 AM, 11:35 AM - 12:25 PM, 4:00 PM - 4:50 PM","1:25 PM - 2:15 PM, 2:20 PM - 3:10 PM, 3:10 PM - 4:00 PM, 4:00 PM - 4:50 PM","8:00 AM - 8:50 AM, 8:50 AM - 9:40 AM, 2:20 PM - 3:10 PM, 3:10 PM - 4:00 PM","12:30 PM - 1:20 PM, 1:25 PM - 2:15 PM, 2:20 PM - 3:10 PM, 3:10 PM - 4:00 PM, 4:00 PM - 4:50 PM",https://www.instagram.com/saahi_.2006?stkn=MngyNWh5bWRjaXU2&utm_source=qr%0A,https://github.com/saahi19,https://drive.google.com/open?id=1nmstUn5rZdbrB3lRfiOVz5-ze71jKYdd,"Not the fastest, but never stopping"
9/21/2026 20:18:21,Neelanjana Mandal,,RA2411009010088,Executive,Secretary,nm6979@srmist.edu.in,neelajanam04@gmail.com,BTech Biotechnology,https://www.linkedin.com/in/neelanjana-mandal/,1,Dr. S Barathi,9840061849,barathis@srmist.edu.in,"3:10 PM - 4:00 PM, 4:00 PM - 4:50 PM",4:00 PM - 4:50 PM,4:00 PM - 4:50 PM,"8:00 AM - 8:50 AM, 3:10 PM - 4:00 PM, 4:00 PM - 4:50 PM","8:00 AM - 8:50 AM, 8:50 AM - 9:40 AM, 3:10 PM - 4:00 PM, 4:00 PM - 4:50 PM", https://www.instagram.com/_neelanjana03_?stkn=ZzF2MnpkNXRsZnJt,https://github.com/neelanjana-mandal,https://drive.google.com/open?id=1qvhIYpbwziG3XJ2AyyKxP0xnCvGCYbeJ,Picture abhi baaki hai mere dost💫
9/21/2026 20:35:40,Nishant Ranjan,,RA2411003010008,Technical,Member,nr0070@srmist.edu.in,nishant.ranjan.air1@gmail.com,C.Tech,https://www.linkedin.com/in/nishant-ranjan-dev/,1,Dr. Sathya R.,9842359649,Sathyar4@srmist.edu.in,"1:25 PM - 2:15 PM, 2:20 PM - 3:10 PM, 3:10 PM - 4:00 PM, 4:00 PM - 4:50 PM","8:00 AM - 8:50 AM, 8:50 AM - 9:40 AM, 9:45 AM - 10:35 AM, 10:40 AM - 11:30 AM, 11:35 AM - 12:25 PM","3:10 PM - 4:00 PM, 4:00 PM - 4:50 PM","8:00 AM - 8:50 AM, 8:50 AM - 9:40 AM, 9:45 AM - 10:35 AM, 10:40 AM - 11:30 AM, 11:35 AM - 12:25 PM","12:30 PM - 1:20 PM, 1:25 PM - 2:15 PM, 2:20 PM - 3:10 PM, 3:10 PM - 4:00 PM",https://www.instagram.com/junooonishhh/,https://github.com/Nishant-codess,https://drive.google.com/open?id=12LyJ83jjKW001YgeWNQgl3H8pHiXAXyI,"Technologist by trade, Artist by nature."
9/21/2026 19:28:53,Nivedita prasad ,7061795119,RA2511033010121,Creative,Member,np4556@srmist.edu.in,niveditaprasad10@gmail.com,CINTEL,https://www.linkedin.com/in/nivedita-prasad-72ab173b3?utm_source=share_via&utm_content=profile&utm_medium=member_android,2,Dr. Nithya Poupathy , +91 90801 47547,nithyap4@srmist.edu.in,4:00 PM - 4:50 PM,9:45 AM - 10:35 AM,10:40 AM - 11:30 AM,10:40 AM - 11:30 AM,1:25 PM - 2:15 PM,https://www.instagram.com/nivediiiitaa?stkn=MTc3Mmd5MnRhaXk5Yw==,,https://drive.google.com/open?id=1QtLIWxOVgwANF7vM4PbK4E04eHGX5Is0,exploring and growing
9/21/2026 16:31:55,Pallapolu Jaya Satwika ,,RA2411052010049,Events,Member,jp8149@srmist.edu.in,jayasatwikap@gmail.com,ECE ,https://www.linkedin.com/in/jaya-satwika-533562419?utm_source=share_via&utm_content=profile&utm_medium=member_android,2,Dr.R.Dayana,+91 98409 02947,dayanar@srmist.edu.in ,"8:00 AM - 8:50 AM, 11:35 AM - 12:25 PM, 2:20 PM - 3:10 PM, 3:10 PM - 4:00 PM","12:30 PM - 1:20 PM, 1:25 PM - 2:15 PM, 2:20 PM - 3:10 PM, 3:10 PM - 4:00 PM, 4:00 PM - 4:50 PM","8:00 AM - 8:50 AM, 11:35 AM - 12:25 PM, 3:10 PM - 4:00 PM, 4:00 PM - 4:50 PM","8:00 AM - 8:50 AM, 8:50 AM - 9:40 AM, 12:30 PM - 1:20 PM, 1:25 PM - 2:15 PM, 2:20 PM - 3:10 PM, 3:10 PM - 4:00 PM, 4:00 PM - 4:50 PM","8:00 AM - 8:50 AM, 8:50 AM - 9:40 AM, 9:45 AM - 10:35 AM, 10:40 AM - 11:30 AM, 11:35 AM - 12:25 PM, 3:10 PM - 4:00 PM, 4:00 PM - 4:50 PM",NA,NA,https://drive.google.com/open?id=1og5C_CUHSLadD1_ZcG1GcvPlysCEEBsN,Chaotic
9/21/2026 1:22:10,Prajit Verma,8669933933,RA2511003010953,Technical,Member,pv3013@srmist.edu.in,prajitverma16@gmail.com,C. Tech. ,https://www.linkedin.com/in/prajit-verma-104a23377,1,Dr. Kavitha S,+91 98652 69456,kavithas6@srmist.edu.in,"11:35 AM - 12:25 PM, 12:30 PM - 1:20 PM, 1:25 PM - 2:15 PM, 2:20 PM - 3:10 PM, 3:10 PM - 4:00 PM, 4:00 PM - 4:50 PM","8:00 AM - 8:50 AM, 8:50 AM - 9:40 AM, 9:45 AM - 10:35 AM, 10:40 AM - 11:30 AM, 11:35 AM - 12:25 PM","12:30 PM - 1:20 PM, 1:25 PM - 2:15 PM, 2:20 PM - 3:10 PM, 3:10 PM - 4:00 PM, 4:00 PM - 4:50 PM","9:45 AM - 10:35 AM, 10:40 AM - 11:30 AM, 11:35 AM - 12:25 PM, 2:20 PM - 3:10 PM, 4:00 PM - 4:50 PM","8:00 AM - 8:50 AM, 12:30 PM - 1:20 PM, 3:10 PM - 4:00 PM, 4:00 PM - 4:50 PM",https://www.instagram.com/prajit_54268?stkn=bHBnamZzMDF4NzBs,https://github.com/PRAJIT54268/,https://drive.google.com/open?id=1WwQIyoZaZzrJQuXIY70RmxjwvbiRzYIF,"Just figuring things out, building cool stuff and getting better doing so"
9/21/2026 12:30:34,Pratham Patel ,,RA2511028010029,Technical,Member,pp9542@srmist.edu.in,prathampatellmg@gmail.com,Networking and Communications ,https://www.linkedin.com/in/pratham-patel-89790b3b6?utm_source=share_via&utm_content=profile&utm_medium=member_android,2,Dr. Vijayalakshmi V,+91 86789 21167,vijayalv@srmist.edu.in,4:00 PM - 4:50 PM,"3:10 PM - 4:00 PM, 4:00 PM - 4:50 PM","8:50 AM - 9:40 AM, 9:45 AM - 10:35 AM","9:45 AM - 10:35 AM, 10:40 AM - 11:30 AM","10:40 AM - 11:30 AM, 11:35 AM - 12:25 PM",https://www.instagram.com/prathxm.0907?stkn=djZ1MzlndmJobGpy,https://github.com/Pratham180910,https://drive.google.com/open?id=1TO6p3LtvPS4AwO8JBlOJeNP4cTNNJcFw,"A curious mind, a relentless builder, and a future yet to be defined."
9/22/2026 22:44:46,Prathit Singh ,9908942324,RA2511026010622,Events,Member,ps7672@srmist.edu.in,singhprathit14@gmail.com,CSE (AIML),https://www.linkedin.com/in/prathit-singh?utm_source=share_via&utm_content=profile&utm_medium=member_android,1,Syed Abuthahir S.,6380681253,syedabus@srmist.edu.in,"8:00 AM - 8:50 AM, 8:50 AM - 9:40 AM, 9:45 AM - 10:35 AM, 10:40 AM - 11:30 AM, 11:35 AM - 12:25 PM, 1:25 PM - 2:15 PM, 2:20 PM - 3:10 PM","12:30 PM - 1:20 PM, 1:25 PM - 2:15 PM, 4:00 PM - 4:50 PM","8:00 AM - 8:50 AM, 8:50 AM - 9:40 AM, 9:45 AM - 10:35 AM, 10:40 AM - 11:30 AM, 11:35 AM - 12:25 PM, 1:25 PM - 2:15 PM","12:30 PM - 1:20 PM, 1:25 PM - 2:15 PM, 2:20 PM - 3:10 PM, 3:10 PM - 4:00 PM","9:45 AM - 10:35 AM, 10:40 AM - 11:30 AM, 11:35 AM - 12:25 PM, 1:25 PM - 2:15 PM, 2:20 PM - 3:10 PM",https://www.instagram.com/pr4thxt7?stkn=MWlveWFsNnlkYWdiMw==,,https://drive.google.com/open?id=1xKJ0e2xFxQU07ud4YBDgqOHzqJ9-J_7e,Creative
9/21/2026 8:55:29,Pushkala ,,RA2511004011001,Creative,Member,pn7046@srmist.edu.in,pushkalanarra44@gmail.com,ECE Core,https://www.linkedin.com/in/pushkala-narra-514014409?utm_source=share_via&utm_content=profile&utm_medium=member_android,2,Dr. Roji Marjorie,+91 90030 91729,rojimars@srmist.edu.in,"12:30 PM - 1:20 PM, 1:25 PM - 2:15 PM, 2:20 PM - 3:10 PM, 3:10 PM - 4:00 PM, 4:00 PM - 4:50 PM","8:00 AM - 8:50 AM, 8:50 AM - 9:40 AM, 9:45 AM - 10:35 AM, 10:40 AM - 11:30 AM, 11:35 AM - 12:25 PM","8:00 AM - 8:50 AM, 12:30 PM - 1:20 PM, 1:25 PM - 2:15 PM, 2:20 PM - 3:10 PM, 3:10 PM - 4:00 PM, 4:00 PM - 4:50 PM","8:00 AM - 8:50 AM, 8:50 AM - 9:40 AM, 9:45 AM - 10:35 AM, 10:40 AM - 11:30 AM, 11:35 AM - 12:25 PM","8:00 AM - 8:50 AM, 8:50 AM - 9:40 AM, 9:45 AM - 10:35 AM, 10:40 AM - 11:30 AM, 12:30 PM - 1:20 PM, 1:25 PM - 2:15 PM, 2:20 PM - 3:10 PM, 3:10 PM - 4:00 PM",https://www.instagram.com/pushkala_44?stkn=MWNjZzAxNDhtaGN3dA==,,https://drive.google.com/open?id=1H9Gz9D9BLGYp3ldv4o8kbeqARsh3LdZ8,Always open to a new perspective.
9/21/2026 1:24:46,Raj Kumar Mehta ,,RA2411003011296,Events,Domain Director,rm1848@srmist.edu.in,mraj54131@gmail.com,C-Tech,https://www.linkedin.com/in/raj-mehta-77387a2b3/,2,Dr. Robert P,9994963046,robertp@srmist.edu.in,"8:00 AM - 8:50 AM, 8:50 AM - 9:40 AM, 9:45 AM - 10:35 AM, 10:40 AM - 11:30 AM","12:30 PM - 1:20 PM, 3:10 PM - 4:00 PM, 4:00 PM - 4:50 PM","8:00 AM - 8:50 AM, 8:50 AM - 9:40 AM, 9:45 AM - 10:35 AM, 10:40 AM - 11:30 AM, 11:35 AM - 12:25 PM, 4:00 PM - 4:50 PM","12:30 PM - 1:20 PM, 1:25 PM - 2:15 PM, 2:20 PM - 3:10 PM, 3:10 PM - 4:00 PM, 4:00 PM - 4:50 PM","8:00 AM - 8:50 AM, 8:50 AM - 9:40 AM, 9:45 AM - 10:35 AM, 10:40 AM - 11:30 AM, 11:35 AM - 12:25 PM",https://www.instagram.com/r_aj__mehta?stkn=MTNlZm5qcnNlcW40cw==,https://github.com/rajmehta03,https://drive.google.com/open?id=1mZap-Gh5hVfkYs_82f477IdQFZFyt7xr,“Learn. Build. Lead.”
9/21/2026 1:49:58,Raushan Kumar,,RA2411003010216,Technical,Member,rk9296@srmist.edu.in,rashukumar1504@gmail.com,CTECH,www.linkedin.com/in/raushan-kumar1504,1, Dr. Padmini S,9884254049,padminis@srmist.edu.in,"2:20 PM - 3:10 PM, 3:10 PM - 4:00 PM, 4:00 PM - 4:50 PM","8:00 AM - 8:50 AM, 8:50 AM - 9:40 AM, 9:45 AM - 10:35 AM, 10:40 AM - 11:30 AM",3:10 PM - 4:00 PM,"8:00 AM - 8:50 AM, 8:50 AM - 9:40 AM, 9:45 AM - 10:35 AM, 10:40 AM - 11:30 AM","12:30 PM - 1:20 PM, 1:25 PM - 2:15 PM, 2:20 PM - 3:10 PM",https://www.instagram.com/rashukumar1504/,https://github.com/Raushan1504,https://drive.google.com/open?id=1G1pLxieoZaBZcgKeCvoDuiyTiiW40O71,I am someone who loves to work hard and enjoy
9/21/2026 22:59:44,Rithun Krishnaa,,RA2412705010003,Events,Domain Director,rs7709@srmist.edu.in,rithunkrishnaa.s@gmail.com,ECE,https://www.linkedin.com/in/rithunkrishnaa/,2,Dr R Srinath ,9791511522,srinathr@srmist.edu.in,"2:20 PM - 3:10 PM, 3:10 PM - 4:00 PM",3:10 PM - 4:00 PM,3:10 PM - 4:00 PM,"8:00 AM - 8:50 AM, 8:50 AM - 9:40 AM",3:10 PM - 4:00 PM,https://www.instagram.com/rithunkrishnaa/,NIL,https://drive.google.com/open?id=1Ut4mUyqqU1uPk_XWC2SYy54yhz1dO2w5,"Never the Favorite choice, always the obvious choice"
9/21/2026 7:46:17,Rohan Hukam Chand ,7030910507,RA2611005010017,Technical,Member,rh2592@srmist.edu.in,invoker.of.miracles.lotm@gmail.com,EEE,https://www.linkedin.com/in/rohan-hukam-chand,1,Dr.Kanakaraj,+91 90953 53643,kanakarp@srmist.edu.in,"9:45 AM - 10:35 AM, 10:40 AM - 11:30 AM","12:30 PM - 1:20 PM, 1:25 PM - 2:15 PM","8:00 AM - 8:50 AM, 8:50 AM - 9:40 AM, 10:40 AM - 11:30 AM, 11:35 AM - 12:25 PM, 3:10 PM - 4:00 PM, 4:00 PM - 4:50 PM","8:00 AM - 8:50 AM, 8:50 AM - 9:40 AM, 9:45 AM - 10:35 AM, 10:40 AM - 11:30 AM, 12:30 PM - 1:20 PM, 1:25 PM - 2:15 PM, 2:20 PM - 3:10 PM, 3:10 PM - 4:00 PM, 4:00 PM - 4:50 PM","8:00 AM - 8:50 AM, 8:50 AM - 9:40 AM, 9:45 AM - 10:35 AM, 10:40 AM - 11:30 AM, 11:35 AM - 12:25 PM",https://www.instagram.com/the_world_003,https://github.com/TheWorld003,https://drive.google.com/open?id=1hDoWwatzPItMAidqetMi--lcNPAOWWPG,"""Navigating chaos, seeking truth, and mastering the sequence"""
9/21/2026 20:25:38,Sashank Peddada,,RA2411042010066,Creative,Associate Lead,sp3455@srmist.edu.in,sashankpeddada2@gmail.com,DSBS,https://www.linkedin.com/in/sashankpeddada/,2,Vishalakshi  R,+91 94888 77380,vishalar@srmist.edu.in,4:00 PM - 4:50 PM,"11:35 AM - 12:25 PM, 12:30 PM - 1:20 PM, 1:25 PM - 2:15 PM",4:00 PM - 4:50 PM,"12:30 PM - 1:20 PM, 1:25 PM - 2:15 PM","9:45 AM - 10:35 AM, 10:40 AM - 11:30 AM, 11:35 AM - 12:25 PM, 12:30 PM - 1:20 PM, 1:25 PM - 2:15 PM",https://www.instagram.com/shashank_pb_?stkn=MXE0bzc0N3Qyb2poMA%3D%3D,https://github.com/Grastivastin,https://drive.google.com/open?id=1FXMZIstIJxRtE9Ar5yR5qEoiaUqKACD9,Fun and Easy going :)
9/21/2026 1:32:06,Sharanya Sharma ,9810397489,RA2511056010314,Technical,Member,hs8694@srmist.edu.in,sharmasharanya.2008@gmail.com,CSE (DSBS),https://www.linkedin.com/in/sharanya-sharma-b31160319,1,Dr. Elumalaivasan P,9585674456,elumalap3@srmist.edu.in,"1:25 PM - 2:15 PM, 2:20 PM - 3:10 PM, 3:10 PM - 4:00 PM, 4:00 PM - 4:50 PM","2:20 PM - 3:10 PM, 3:10 PM - 4:00 PM","1:25 PM - 2:15 PM, 2:20 PM - 3:10 PM, 3:10 PM - 4:00 PM, 4:00 PM - 4:50 PM",3:10 PM - 4:00 PM,"12:30 PM - 1:20 PM, 1:25 PM - 2:15 PM, 2:20 PM - 3:10 PM",https://www.instagram.com/invites/contact/?utm_source=ig_contact_invite&utm_medium=copy_link&utm_content=yupcbkb,https://github.com/sharanya-sharma123,https://drive.google.com/open?id=1voZ8ApxJAkJlwnNhXVLlG2OKt11ku4td,"Energetic, passionate and eager to learn"
9/21/2026 19:52:31,Sharvani Singh,9315651425,RA2511003010651,Creative,Member,ss4627@srmist.edu.in,sharvanisingh29@gmail.com,C.Tech,https://www.linkedin.com/in/sharvani-singh-952655369/,1,Dr. Senthilraja ,9884445605,senthilm6@srmist.edu.in,11:35 AM - 12:25 PM,9:45 AM - 10:35 AM,12:30 PM - 1:20 PM,9:45 AM - 10:35 AM,12:30 PM - 1:20 PM,https://www.instagram.com/sharvanniiii?utm_source=qr,https://github.com/Sharvani-06,https://drive.google.com/open?id=14eGbmJhtqoasVwFEa-R_2niZ6eHaERzl,    Somewhere between art and code
9/21/2026 1:21:33,Soham Siddhartha Mishra ,,RA2511003010672,Executive,Joint Secretary,sm6972@srmist.edu.in,sohamsiddharthamishra@gmail.com,C Tech ,https://www.linkedin.com/in/soham-siddhartha-mishra-ba1aa822a?utm_source=share_via&utm_content=profile&utm_medium=member_ios,1,Dr M Senthil Raja ,+91 98844 45605,senthilm6@srmist.edu.in,"2:20 PM - 3:10 PM, 3:10 PM - 4:00 PM, 4:00 PM - 4:50 PM","8:00 AM - 8:50 AM, 8:50 AM - 9:40 AM","1:25 PM - 2:15 PM, 2:20 PM - 3:10 PM, 3:10 PM - 4:00 PM, 4:00 PM - 4:50 PM","8:00 AM - 8:50 AM, 8:50 AM - 9:40 AM","8:00 AM - 8:50 AM, 8:50 AM - 9:40 AM, 1:25 PM - 2:15 PM, 2:20 PM - 3:10 PM, 3:10 PM - 4:00 PM, 4:00 PM - 4:50 PM",https://www.instagram.com/sohamsiddharthamishra?stkn=Y3phZ3MzdG13eTU4&utm_source=qr,https://github.com/soham24m,https://drive.google.com/open?id=1Bs2uWctRtc7L4GcJc85CP8NMr7UDC0sR,I love to talk and build connections 
9/22/2026 17:36:13,Srijani Ghosh ,9903719850,RA2611003011197,Events,Member,sg0386@srmist.edu.in,ghoshsrijani28@gmail.com,CSE core ,https://www.linkedin.com/in/srijani-ghosh-a8259a36b?utm_source=share_via&utm_content=profile&utm_medium=member_android,2,Selvin Pradeep Kumar,+91 90926 49190,selvinps@srmist.edu.in,"3:10 PM - 4:00 PM, 4:00 PM - 4:50 PM","1:25 PM - 2:15 PM, 2:20 PM - 3:10 PM, 3:10 PM - 4:00 PM, 4:00 PM - 4:50 PM",8:00 AM - 8:50 AM,2:20 PM - 3:10 PM,"2:20 PM - 3:10 PM, 3:10 PM - 4:00 PM, 4:00 PM - 4:50 PM",https://www.instagram.com/srijani.xo?stkn=MTRiMnJkZW9zejZkYQ==,github.com/Srijani-06,https://drive.google.com/open?id=1lsp9KlpFRUAJwwao4lqA77DQSmZztr7s,"Curious mind, driven spirit, always evolving"
9/22/2026 16:42:24,T NIKITHA KL ,,RA2411026010606,Creative,Associate Lead,tt7898@srmist.edu.in,tnikithakl@gmail.com,Cintel,https://www.linkedin.com/in/t-nikitha-kl-10664b375?utm_source=share_via&utm_content=profile&utm_medium=member_android,1,Mrs shaik rasheed begum,+91 88381 17801,shaikrab1@srmist.edu.in,"1:25 PM - 2:15 PM, 2:20 PM - 3:10 PM, 3:10 PM - 4:00 PM, 4:00 PM - 4:50 PM","8:00 AM - 8:50 AM, 8:50 AM - 9:40 AM, 9:45 AM - 10:35 AM, 10:40 AM - 11:30 AM, 11:35 AM - 12:25 PM",12:30 PM - 1:20 PM,"8:00 AM - 8:50 AM, 8:50 AM - 9:40 AM, 9:45 AM - 10:35 AM","3:10 PM - 4:00 PM, 4:00 PM - 4:50 PM",https://www.instagram.com/tnikithakl?stkn=NXhlZ2cwMDc4YXE4,,https://drive.google.com/open?id=1395fZtcflOdfF8UEA9kPSRdA0L6OgvGN,Always learning always building constantly evolving
9/21/2026 1:17:45,Thammisetti Sri Babitha ,,RA2411004010340,Events,Associate Lead,st6018@srmist.edu.in,ts.babitha06@gmail.com,ECE,https://www.linkedin.com/in/sri-babitha-thammisetti-124241381https://www.linkedin.com/in/sri-babitha-thammisetti-124241381,1,Dr Vishvas kumar,7008707059,vishvask@srmist.edu in,"12:30 PM - 1:20 PM, 1:25 PM - 2:15 PM","8:00 AM - 8:50 AM, 8:50 AM - 9:40 AM, 9:45 AM - 10:35 AM","10:40 AM - 11:30 AM, 12:30 PM - 1:20 PM, 1:25 PM - 2:15 PM, 2:20 PM - 3:10 PM","10:40 AM - 11:30 AM, 11:35 AM - 12:25 PM, 12:30 PM - 1:20 PM, 1:25 PM - 2:15 PM","10:40 AM - 11:30 AM, 11:35 AM - 12:25 PM, 12:30 PM - 1:20 PM, 1:25 PM - 2:15 PM, 2:20 PM - 3:10 PM, 3:10 PM - 4:00 PM, 4:00 PM - 4:50 PM",https://www.instagram.com/_babbi_686?igsi=M3k1amVlNHhoZ3Zn,https://github.com/thammisettisribabitha06,https://drive.google.com/open?id=1R1he8hr5cVZxCymgawvbwrbp2HPAUcfp,Not giving up until the end
9/21/2026 17:51:25,Utkarsh Rana ,8709362445,RA2511003010890,Events,Member,ur3508@srmist.edu.in,ranautkarsh8709@gmail.com,CTech ,https://www.linkedin.com/in/utkarsh-rana-a80655297?utm_source=share_via&utm_content=profile&utm_medium=member_android,1,Dr. Samsudeen S,+91 95665 55183,samsudes2@srmist.edu.in,"8:00 AM - 8:50 AM, 8:50 AM - 9:40 AM, 9:45 AM - 10:35 AM, 10:40 AM - 11:30 AM, 1:25 PM - 2:15 PM","8:00 AM - 8:50 AM, 8:50 AM - 9:40 AM, 12:30 PM - 1:20 PM, 1:25 PM - 2:15 PM, 4:00 PM - 4:50 PM","8:00 AM - 8:50 AM, 8:50 AM - 9:40 AM, 9:45 AM - 10:35 AM, 10:40 AM - 11:30 AM, 11:35 AM - 12:25 PM","12:30 PM - 1:20 PM, 1:25 PM - 2:15 PM, 2:20 PM - 3:10 PM, 4:00 PM - 4:50 PM","9:45 AM - 10:35 AM, 10:40 AM - 11:30 AM, 11:35 AM - 12:25 PM, 1:25 PM - 2:15 PM, 2:20 PM - 3:10 PM",https://www.instagram.com/ranautkarsh87?stkn=MWU0OWEzNDNrYjluMQ==,https://github.com/UtkarshRana22,https://drive.google.com/open?id=1xDeOdtOaJVe43bN3bk9j7fsKKpCdEyEs,"Builder, solver , actor "
9/21/2026 10:19:37,Vansh Agarwal,970834348,RA2611003010225,Creative,Domain Director,va6857@srmist.edu.in,vanshag0410@gmail.com,Computer Science and Engineering Core,https://www.linkedin.com/in/vansh-agarwal-532702405/,1,Dr. Ramya Palaniappan,9003561493,ramyap5@srmist.edu.in,"8:00 AM - 8:50 AM, 8:50 AM - 9:40 AM, 1:25 PM - 2:15 PM, 2:20 PM - 3:10 PM, 3:10 PM - 4:00 PM, 4:00 PM - 4:50 PM","8:50 AM - 9:40 AM, 9:45 AM - 10:35 AM, 10:40 AM - 11:30 AM, 12:30 PM - 1:20 PM, 1:25 PM - 2:15 PM, 4:00 PM - 4:50 PM","8:00 AM - 8:50 AM, 8:50 AM - 9:40 AM, 9:45 AM - 10:35 AM, 10:40 AM - 11:30 AM, 11:35 AM - 12:25 PM","8:00 AM - 8:50 AM, 8:50 AM - 9:40 AM, 12:30 PM - 1:20 PM, 1:25 PM - 2:15 PM, 2:20 PM - 3:10 PM, 3:10 PM - 4:00 PM, 4:00 PM - 4:50 PM","8:00 AM - 8:50 AM, 8:50 AM - 9:40 AM, 9:45 AM - 10:35 AM, 11:35 AM - 12:25 PM, 3:10 PM - 4:00 PM, 4:00 PM - 4:50 PM",https://www.instagram.com/vanshagx_/,https://github.com/vanshagarwal0410,https://drive.google.com/open?id=1OrJ03wXJ9nTWEg-NTIIHbvwzcQbpvJDa,damn crazy
9/23/2026 0:43:32,Vedant Singh Hada,,RA2511003010709,Events,Member,vh8862@srmist.edu.in,vedantshada007@gmail.com,Ctech,https://www.linkedin.com/in/vedant-hada-25bb7739a?utm_source=share_via&utm_content=profile&utm_medium=member_ios,1,VG Saranya,9597053767,saranyav7@srmist.edu.in,"3:10 PM - 4:00 PM, 4:00 PM - 4:50 PM","8:00 AM - 8:50 AM, 8:50 AM - 9:40 AM, 9:45 AM - 10:35 AM, 10:40 AM - 11:30 AM, 11:35 AM - 12:25 PM","3:10 PM - 4:00 PM, 4:00 PM - 4:50 PM","8:00 AM - 8:50 AM, 8:50 AM - 9:40 AM, 9:45 AM - 10:35 AM, 10:40 AM - 11:30 AM, 11:35 AM - 12:25 PM","8:00 AM - 8:50 AM, 8:50 AM - 9:40 AM, 3:10 PM - 4:00 PM, 4:00 PM - 4:50 PM",https://www.instagram.com/vedantt.hada?stkn=eHE2bDF2M215eHp2&utm_source=qr,https://github.com/Vedant-S-Hada,https://drive.google.com/open?id=1Z_rF8d0wSceDuVVksr0ciFKLJlacPr0x,"I walk in prepared, and I leave an impression."
9/29/2026 20:47:39,Vooka Sai Siddharth,986670883,RA2511026010906,Events,Member,sv3824@srmist.edu.in,saisiddharthvooka@gmail.com,CINTEL,https://www.linkedin.com/in/sai-siddharth-ba0a92369/,1,kothai g,96776 60531,kothaig2@srmist.edu.in,"2:20 PM - 3:10 PM, 3:10 PM - 4:00 PM, 4:00 PM - 4:50 PM","9:45 AM - 10:35 AM, 10:40 AM - 11:30 AM","12:30 PM - 1:20 PM, 1:25 PM - 2:15 PM","8:50 AM - 9:40 AM, 9:45 AM - 10:35 AM, 10:40 AM - 11:30 AM","8:50 AM - 9:40 AM, 12:30 PM - 1:20 PM, 1:25 PM - 2:15 PM",https://www.instagram.com/saisiddharth2007/,https://github.com/siddharth-1118,https://drive.google.com/open?id=1nZ7bKZZ10Nc2JDCfTwyGyIycOgRWZTY1,i am fullstack developer thats all
9/21/2026 16:24:51,Yenduru Gopi Ranganadh,,RA2411003011400,Technical,Member,gr9873@srmist.edu.in,yendudegopi@gmail.com,C-Tech,https://www.linkedin.com/in/yenduru-gopi,2,Dr.vaidhehi,88709 71530,vaidhehm@srmist.edu.in,9:45 AM - 10:35 AM,3:10 PM - 4:00 PM,9:45 AM - 10:35 AM,3:10 PM - 4:00 PM,8:50 AM - 9:40 AM,https://www.instagram.com/gopi_yendure?stkn=YjdqMTFyOTA5cXVk,,https://drive.google.com/open?id=1GR3V-6IVjel-oeOs1Qu_S6_o0xm88_Ah,Hard working
9/21/2026 7:10:36,Yuvan Vishnu Pandi ,9821733449,RA2411028010087,Technical,Member,yv6940@srmist.edu.in,yuvanvishnupandi@gmail.com,Networking and Communications,https://www.linkedin.com/in/yuvanvishnupandi/,1,Dr. Prabhakaran S,9042394880,prabakes@srmist.edu.in,12:30 PM - 1:20 PM,11:35 AM - 12:25 PM,12:30 PM - 1:20 PM,3:10 PM - 4:00 PM,3:10 PM - 4:00 PM,N/A,https://github.com/lucidrainsme,https://drive.google.com/open?id=188US8XZ5Plt3XNeqPVU-E9dcK81Bz46f,A hard worker who believes that success comes from true dedication.
,Mrinal Paul,8918120382,RA2311033010054,Executive,President,mp2126@srmist.edu.in,paulmrinal12@gmail.com,CINTEL,https://www.linkedin.com/in/mrinalpaul12/,2,Dr. Kaviyaraj R,8122275228,kaviyarr1@srmist.edu.in,,,,,,https://www.instagram.com/mrinal.paul_/,https://github.com/imrinal,https://drive.google.com/file/d/1QayFGsD0maZf2r3C4v6U4XK3xpbR1OZh/view?usp=sharing,Community Leader